timestep,agent_name,actor_type,actor_id,bank_id,bank_name,base_reputation_score,current_reputation_score,reputation_source,reputation_notes,action_type,action_detail,visibility,reasoning_summary,action_sequence,intra_timestep_sequence,action_id,depends_on_action_id,source_snapshot_timestep,committed_timestep,validation_status,validation_errors,repair_notes,raw_row_json,advisor_callback_enabled,preapproved_offer_enabled,documentation_friction_score,counter_offer_enabled,average_approval_time_days,relationship_discount_bps,digital_friction_score,comparison_portal_optimised,instant_document_validation_enabled,abandoned_application_followup_enabled,parameters
1,bank_agent,bank,B001,B001,,,,,,management,,private,,1,1,B001-action-1,,0,1,,,,,,,,,,,,,,,"{'action_description': 'Initial market entry and operational setup.', 'validation_status': 'valid', 'validation_errors': None, 'repair_notes': None, 'raw_row_json': '{""action_description"": ""Initial market entry and operational setup."", ""action_id"": ""B001-action-1"", ""action_sequence"": 1, ""action_type"": ""management"", ""actor_id"": ""B001"", ""actor_type"": ""bank"", ""bank_id"": ""B001"", ""timestep"": 1, ""visibility"": ""private""}'}"
1,bank_agent,bank,B007,B007,,,,,,enter_market,,public,,1,1,B007-A-1,,0,1,,,,,,,,,,,,,,,"{'validation_status': 'valid', 'validation_errors': None, 'repair_notes': None, 'raw_row_json': '{""action_id"": ""B007-A-1"", ""action_sequence"": 1, ""action_type"": ""enter_market"", ""actor_id"": ""B007"", ""actor_type"": ""bank"", ""bank_id"": ""B007"", ""timestep"": 1, ""visibility"": ""public""}'}"
1,bank_agent,bank,B004,B004,,,,,,management_decision,"""DKB is starting its operations in the German market.""",public,,1,1,A001,,0,1,,,,,,,,,,,,,,,"{'validation_status': 'repaired', 'validation_errors': None, 'repair_notes': 'action_details -> action_detail', 'raw_row_json': '{""action_details"": ""DKB is starting its operations in the German market."", ""action_id"": ""A001"", ""action_sequence"": 1, ""action_type"": ""management_decision"", ""actor_id"": ""B004"", ""actor_type"": ""bank"", ""bank_id"": ""B004"", ""timestep"": 1, ""visibility"": ""public""}'}"
1,bank_agent,bank,B002,B002,,,,,,strategy,"""Initial market entry with two loan products and corresponding marketing campaigns.""",private,,1,1,A001_4,,0,1,,,,,,,,,,,,,,,"{'validation_status': 'repaired', 'validation_errors': None, 'repair_notes': 'action_details -> action_detail', 'raw_row_json': '{""action_details"": ""Initial market entry with two loan products and corresponding marketing campaigns."", ""action_id"": ""A001"", ""action_sequence"": 0, ""action_type"": ""strategy"", ""actor_id"": ""B002"", ""actor_type"": ""bank"", ""bank_id"": ""B002"", ""timestep"": 1, ""visibility"": ""private""}'}"
1,bank_agent,bank,B008,B008,,,,,,initialize,"""Initializing the bank with a set of standard loan offers.""",private,,1,1,action_B008_1,,0,1,,,,,,,,,,,,,,,"{'validation_status': 'repaired', 'validation_errors': None, 'repair_notes': 'action_details -> action_detail', 'raw_row_json': '{""action_details"": ""Initializing the bank with a set of standard loan offers."", ""action_id"": ""action_B008_1"", ""action_sequence"": 1, ""action_type"": ""initialize"", ""actor_id"": ""B008"", ""actor_type"": ""bank"", ""bank_id"": ""B008"", ""timestep"": 1, ""visibility"": ""private""}'}"
1,bank_agent,bank,B005,B005,,,,,,ProductManagement,"{""description"": ""Initial product launch for personal and mortgage loans.""}",private,,1,1,B005-A-1,,0,1,,,,,,,,,,,,,,,"{'validation_status': 'repaired', 'validation_errors': None, 'repair_notes': 'action_details -> action_detail', 'raw_row_json': '{""action_details"": {""description"": ""Initial product launch for personal and mortgage loans.""}, ""action_id"": ""B005-A-1"", ""action_sequence"": 1, ""action_type"": ""ProductManagement"", ""actor_id"": ""B005"", ""actor_type"": ""bank"", ""bank_id"": ""B005"", ""timestep"": 1, ""visibility"": ""private""}'}"
1,bank_agent,bank,B006,B006,,,,,,UPDATE_OFFERS,"""Initial launch of loan products""",public,,1,1,B006-A-1,,0,1,,,,,,,,,,,,,,,"{'validation_status': 'repaired', 'validation_errors': None, 'repair_notes': 'action_details -> action_detail', 'raw_row_json': '{""action_details"": ""Initial launch of loan products"", ""action_id"": ""B006-A-1"", ""action_sequence"": 1, ""action_type"": ""UPDATE_OFFERS"", ""actor_id"": ""B006"", ""actor_type"": ""bank"", ""bank_id"": ""B006"", ""timestep"": 1, ""visibility"": ""public""}'}"
1,bank_agent,bank,B003,B003,,,,,,publish_offers,"""Publish initial loan offers for the German market""",private,,1,1,B003_publish_offers_1,,0,1,,,,,,,,,,,,,,,"{'validation_status': 'repaired', 'validation_errors': None, 'repair_notes': 'action_details -> action_detail', 'raw_row_json': '{""action_details"": ""Publish initial loan offers for the German market"", ""action_id"": ""B003_publish_offers_1"", ""action_sequence"": 1, ""action_type"": ""publish_offers"", ""actor_id"": ""B003"", ""actor_type"": ""bank"", ""bank_id"": ""B003"", ""timestep"": 1, ""visibility"": ""private""}'}"
2,bank_agent,bank,B004,B004,,,,,,product_launch,"In response to the government stimulus for green energy, DKB is launching a new loan product tailored for eco-friendly projects.",public,,1,1,A004,,1,2,,,,,,,,,,,,,,,"{'validation_status': 'valid', 'validation_errors': None, 'repair_notes': None, 'raw_row_json': '{""action_detail"": ""In response to the government stimulus for green energy, DKB is launching a new loan product tailored for eco-friendly projects."", ""action_id"": ""A004"", ""action_sequence"": 1, ""action_type"": ""product_launch"", ""actor_id"": ""B004"", ""actor_type"": ""bank"", ""bank_id"": ""B004"", ""timestep"": 2, ""visibility"": ""public""}'}"
2,bank_agent,bank,B004,B004,,,,,,no_action,Maintaining competitive rates on existing personal and car loans.,public,,1,1,A005,,1,2,,,,,,,,,,,,,,,"{'validation_status': 'valid', 'validation_errors': None, 'repair_notes': None, 'raw_row_json': '{""action_detail"": ""Maintaining competitive rates on existing personal and car loans."", ""action_id"": ""A005"", ""action_sequence"": 1, ""action_type"": ""no_action"", ""actor_id"": ""B004"", ""actor_type"": ""bank"", ""bank_id"": ""B004"", ""timestep"": 2, ""visibility"": ""public""}'}"
2,bank_agent,bank,B002,B002,,,,,,strategy,"In response to heightened market competition and multiple new product launches, we will introduce a more competitively priced personal loan and launch a marketing campaign to increase our visibility and market share.",private,,1,1,A002,,1,2,,,,,,,,,,,,,,,"{'validation_status': 'valid', 'validation_errors': None, 'repair_notes': None, 'raw_row_json': '{""action_detail"": ""In response to heightened market competition and multiple new product launches, we will introduce a more competitively priced personal loan and launch a marketing campaign to increase our visibility and market share."", ""action_id"": ""A002"", ""action_sequence"": 1, ""action_type"": ""strategy"", ""actor_id"": ""B002"", ""actor_type"": ""bank"", ""bank_id"": ""B002"", ""timestep"": 2, ""visibility"": ""private""}'}"
2,bank_agent,bank,B008,B008,,,,,,marketing,"Launch a marketing campaign to promote Santander's diverse loan portfolio, including the new Green Energy Loan, highlighting competitive rates and flexible terms to attract new customers in a competitive market.",private,,2,2,action_B008_2,,1,2,,,,,,,,,,,,,,,"{'validation_status': 'valid', 'validation_errors': None, 'repair_notes': None, 'raw_row_json': '{""action_detail"": ""Launch a marketing campaign to promote Santander\'s diverse loan portfolio, including the new Green Energy Loan, highlighting competitive rates and flexible terms to attract new customers in a competitive market."", ""action_id"": ""action_B008_2"", ""action_sequence"": 2, ""action_type"": ""marketing"", ""actor_id"": ""B008"", ""actor_type"": ""bank"", ""bank_id"": ""B008"", ""timestep"": 2, ""visibility"": ""private""}'}"
2,bank_agent,bank,B007,B007,,,,,,update_service_levels,,private,,2,2,B007-A-2,,1,2,,,,,,True,,,,,,True,True,True,"{'validation_status': 'valid', 'validation_errors': None, 'repair_notes': None, 'raw_row_json': '{""abandoned_application_followup_enabled"": true, ""action_id"": ""B007-A-2"", ""action_sequence"": 2, ""action_type"": ""update_service_levels"", ""actor_id"": ""B007"", ""actor_type"": ""bank"", ""bank_id"": ""B007"", ""comparison_portal_optimised"": true, ""instant_document_validation_enabled"": true, ""preapproved_offer_enabled"": true, ""timestep"": 2, ""visibility"": ""private""}'}"
2,bank_agent,bank,B006,B006,,,,,,UPDATE_OFFERS,Lowering interest rates to increase competitiveness in a crowded market.,public,,1,1,B006-action-2-1,,1,2,,,,,,,,,,,,,,,"{'validation_status': 'valid', 'validation_errors': None, 'repair_notes': None, 'raw_row_json': '{""action_detail"": ""Lowering interest rates to increase competitiveness in a crowded market."", ""action_id"": ""B006-action-2-1"", ""action_sequence"": 1, ""action_type"": ""UPDATE_OFFERS"", ""actor_id"": ""B006"", ""actor_type"": ""bank"", ""bank_id"": ""B006"", ""timestep"": 2, ""visibility"": ""public""}'}"
2,bank_agent,bank,B001,B001,,,,,,management,"Invest in digital transformation to reduce friction and improve customer experience, aligning with national digital infrastructure goals.",private,,1,1,B001-action-2,,1,2,,,,,,,,,,,,,,,"{'validation_status': 'valid', 'validation_errors': None, 'repair_notes': None, 'raw_row_json': '{""action_detail"": ""Invest in digital transformation to reduce friction and improve customer experience, aligning with national digital infrastructure goals."", ""action_id"": ""B001-action-2"", ""action_sequence"": 1, ""action_type"": ""management"", ""actor_id"": ""B001"", ""actor_type"": ""bank"", ""bank_id"": ""B001"", ""timestep"": 2, ""visibility"": ""private""}'}"
2,bank_agent,bank,B003,B003,,,,,,publish_offers,Reduce interest rate on personal loans to stay competitive in a growing market.,private,,1,1,B003_action_1,,1,2,,,,,,,,,,,,,,,"{'validation_status': 'valid', 'validation_errors': None, 'repair_notes': None, 'raw_row_json': '{""action_detail"": ""Reduce interest rate on personal loans to stay competitive in a growing market."", ""action_id"": ""B003_action_1"", ""action_sequence"": 1, ""action_type"": ""publish_offers"", ""actor_id"": ""B003"", ""actor_type"": ""bank"", ""bank_id"": ""B003"", ""timestep"": 2, ""visibility"": ""private""}'}"
3,bank_agent,bank,B002,B002,,,,,,strategy,"In response to the market trend towards sustainable financing and government incentives, we will launch a new Green Energy Loan. We will also renew our Car Loan to remain competitive and launch a marketing campaign to promote the new green loan.",private,,1,1,A004,,2,3,,,,,,,,,,,,,,,"{'validation_status': 'valid', 'validation_errors': None, 'repair_notes': None, 'raw_row_json': '{""action_detail"": ""In response to the market trend towards sustainable financing and government incentives, we will launch a new Green Energy Loan. We will also renew our Car Loan to remain competitive and launch a marketing campaign to promote the new green loan."", ""action_id"": ""A004"", ""action_sequence"": 1, ""action_type"": ""strategy"", ""actor_id"": ""B002"", ""actor_type"": ""bank"", ""bank_id"": ""B002"", ""timestep"": 3, ""visibility"": ""private""}'}"
3,bank_agent,bank,B001,B001,,,,,,management,,private,,1,1,B001-action-3,,2,3,,,,,,,,,,,,,,,"{'action_detail': 'Adjust interest rates on personal loans to remain competitive in response to market trends and competitor actions.', 'validation_status': 'valid', 'validation_errors': None, 'repair_notes': None, 'raw_row_json': '{""action_id"": ""B001-action-3"", ""action_sequence"": 1, ""action_type"": ""management"", ""actor_id"": ""B001"", ""actor_type"": ""bank"", ""bank_id"": ""B001"", ""parameters"": {""action_detail"": ""Adjust interest rates on personal loans to remain competitive in response to market trends and competitor actions.""}, ""timestep"": 3, ""visibility"": ""private""}'}"
3,bank_agent,bank,B004,B004,,,,,,rate_change,"In response to increasing competition, DKB is lowering the interest rate on its personal loan product.",public,,1,1,A006,,2,3,,,,,,,,,,,,,,,"{'validation_status': 'valid', 'validation_errors': None, 'repair_notes': None, 'raw_row_json': '{""action_detail"": ""In response to increasing competition, DKB is lowering the interest rate on its personal loan product."", ""action_id"": ""A006"", ""action_sequence"": 1, ""action_type"": ""rate_change"", ""actor_id"": ""B004"", ""actor_type"": ""bank"", ""bank_id"": ""B004"", ""timestep"": 3, ""visibility"": ""public""}'}"
3,bank_agent,bank,B003,B003,,,,,,publish_offers,Introduce a new Green Energy Loan to respond to market trends and government incentives.,private,,1,1,B003_action_1_publish,,2,3,,,,,,,,,,,,,,,"{'validation_status': 'valid', 'validation_errors': None, 'repair_notes': None, 'raw_row_json': '{""action_detail"": ""Introduce a new Green Energy Loan to respond to market trends and government incentives."", ""action_id"": ""B003_action_1_publish"", ""action_sequence"": 1, ""action_type"": ""publish_offers"", ""actor_id"": ""B003"", ""actor_type"": ""bank"", ""bank_id"": ""B003"", ""timestep"": 3, ""visibility"": ""private""}'}"
3,bank_agent,bank,B006,B006,,,,,,CREATE_PRODUCT,Launching a new Green Energy Loan product to capture the growing market segment driven by government incentives.,public,,1,1,B006-action-3-1,,2,3,,,,,,,,,,,,,,,"{'validation_status': 'valid', 'validation_errors': None, 'repair_notes': None, 'raw_row_json': '{""action_detail"": ""Launching a new Green Energy Loan product to capture the growing market segment driven by government incentives."", ""action_id"": ""B006-action-3-1"", ""action_sequence"": 1, ""action_type"": ""CREATE_PRODUCT"", ""actor_id"": ""B006"", ""actor_type"": ""bank"", ""bank_id"": ""B006"", ""timestep"": 3, ""visibility"": ""public""}'}"
3,bank_agent,bank,B006,B006,,,,,,UPDATE_OFFERS,Issuing a new competitive Green Energy Loan offer and renewing existing standard loan offers for the current timestep.,public,,2,2,B006-action-3-2,,2,3,,,,,,,,,,,,,,,"{'validation_status': 'valid', 'validation_errors': None, 'repair_notes': None, 'raw_row_json': '{""action_detail"": ""Issuing a new competitive Green Energy Loan offer and renewing existing standard loan offers for the current timestep."", ""action_id"": ""B006-action-3-2"", ""action_sequence"": 2, ""action_type"": ""UPDATE_OFFERS"", ""actor_id"": ""B006"", ""actor_type"": ""bank"", ""bank_id"": ""B006"", ""timestep"": 3, ""visibility"": ""public""}'}"
3,bank_agent,bank,B005,B005,,,,,,ProductManagement,"{""description"": ""Launch of a new Green Energy Loan product to align with government incentives and respond to competitor actions.""}",private,,1,1,B005-A-2,,2,3,,,,,,,,,,,,,,,"{'validation_status': 'valid', 'validation_errors': None, 'repair_notes': None, 'raw_row_json': '{""action_detail"": ""{\\""description\\"": \\""Launch of a new Green Energy Loan product to align with government incentives and respond to competitor actions.\\""}"", ""action_id"": ""B005-A-2"", ""action_sequence"": 1, ""action_type"": ""ProductManagement"", ""actor_id"": ""B005"", ""actor_type"": ""bank"", ""bank_id"": ""B005"", ""timestep"": 3, ""visibility"": ""private""}'}"
3,bank_agent,bank,B005,B005,,,,,,PricingManagement,"{""description"": ""Reducing the interest rate on the Sparkasse Personal Loan to remain competitive in the market.""}",private,,1,1,B005-A-3,,2,3,,,,,,,,,,,,,,,"{'validation_status': 'valid', 'validation_errors': None, 'repair_notes': None, 'raw_row_json': '{""action_detail"": ""{\\""description\\"": \\""Reducing the interest rate on the Sparkasse Personal Loan to remain competitive in the market.\\""}"", ""action_id"": ""B005-A-3"", ""action_sequence"": 1, ""action_type"": ""PricingManagement"", ""actor_id"": ""B005"", ""actor_type"": ""bank"", ""bank_id"": ""B005"", ""timestep"": 3, ""visibility"": ""private""}'}"
3,bank_agent,bank,B008,B008,,,,,,management,Renewed expiring loan products with minor rate adjustments to reflect market conditions (inflation) while remaining competitive. Continuing major marketing push initiated in the previous timestep.,private,,3,3,action_B008_4,,2,3,,,,,,,,,,,,,,,"{'validation_status': 'valid', 'validation_errors': None, 'repair_notes': None, 'raw_row_json': '{""action_detail"": ""Renewed expiring loan products with minor rate adjustments to reflect market conditions (inflation) while remaining competitive. Continuing major marketing push initiated in the previous timestep."", ""action_id"": ""action_B008_4"", ""action_sequence"": 3, ""action_type"": ""management"", ""actor_id"": ""B008"", ""actor_type"": ""bank"", ""bank_id"": ""B008"", ""timestep"": 3, ""visibility"": ""private""}'}"
4,bank_agent,bank,B002,B002,,,,,,strategy,"Given the intense competition and downward pressure on personal loan interest rates, we will renew our 'Personal Loan Plus' with a more competitive rate. We will also launch a marketing campaign to highlight our competitive personal and green energy loans, addressing the key market trends.",private,,1,1,A007,,3,4,,,,,,,,,,,,,,,"{'validation_status': 'valid', 'validation_errors': None, 'repair_notes': None, 'raw_row_json': '{""action_detail"": ""Given the intense competition and downward pressure on personal loan interest rates, we will renew our \'Personal Loan Plus\' with a more competitive rate. We will also launch a marketing campaign to highlight our competitive personal and green energy loans, addressing the key market trends."", ""action_id"": ""A007"", ""action_sequence"": 1, ""action_type"": ""strategy"", ""actor_id"": ""B002"", ""actor_type"": ""bank"", ""bank_id"": ""B002"", ""timestep"": 4, ""visibility"": ""private""}'}"
4,bank_agent,bank,B003,B003,,,,,,publish_offers,Lower interest rate on personal loans to capture market share in a competitive environment.,private,,1,1,B003_action_1_publish_pl,,3,4,,,,,,,,,,,,,,,"{'validation_status': 'valid', 'validation_errors': None, 'repair_notes': None, 'raw_row_json': '{""action_detail"": ""Lower interest rate on personal loans to capture market share in a competitive environment."", ""action_id"": ""B003_action_1_publish_pl"", ""action_sequence"": 1, ""action_type"": ""publish_offers"", ""actor_id"": ""B003"", ""actor_type"": ""bank"", ""bank_id"": ""B003"", ""timestep"": 4, ""visibility"": ""private""}'}"
4,bank_agent,bank,B006,B006,,,,,,UPDATE_OFFERS,Responding to intense market competition by slightly reducing interest rates across all loan products to maintain market share and attract new customers.,public,,1,1,B006-action-4-1,,3,4,,,,,,,,,,,,,,,"{'validation_status': 'valid', 'validation_errors': None, 'repair_notes': None, 'raw_row_json': '{""action_detail"": ""Responding to intense market competition by slightly reducing interest rates across all loan products to maintain market share and attract new customers."", ""action_id"": ""B006-action-4-1"", ""action_sequence"": 1, ""action_type"": ""UPDATE_OFFERS"", ""actor_id"": ""B006"", ""actor_type"": ""bank"", ""bank_id"": ""B006"", ""timestep"": 4, ""visibility"": ""public""}'}"
4,bank_agent,bank,B007,B007,,,,,,new_offer,,public,,4,4,B007-A-7,,3,4,,,,,,,,,,,,,,,"{'validation_status': 'valid', 'validation_errors': None, 'repair_notes': None, 'raw_row_json': '{""action_id"": ""B007-A-7"", ""action_sequence"": 4, ""action_type"": ""new_offer"", ""actor_id"": ""B007"", ""actor_type"": ""bank"", ""bank_id"": ""B007"", ""timestep"": 4, ""visibility"": ""public""}'}"
4,bank_agent,bank,B007,B007,,,,,,new_offer,,public,,4,4,B007-A-8,,3,4,,,,,,,,,,,,,,,"{'validation_status': 'valid', 'validation_errors': None, 'repair_notes': None, 'raw_row_json': '{""action_id"": ""B007-A-8"", ""action_sequence"": 4, ""action_type"": ""new_offer"", ""actor_id"": ""B007"", ""actor_type"": ""bank"", ""bank_id"": ""B007"", ""timestep"": 4, ""visibility"": ""public""}'}"
4,bank_agent,bank,B005,B005,,,,,,PricingManagement,"{""description"": ""In response to intense market competition, we are lowering the interest rate on our personal loan product to attract more customers.""}",private,,1,1,B005-A-4,,3,4,,,,,,,,,,,,,,,"{'validation_status': 'valid', 'validation_errors': None, 'repair_notes': None, 'raw_row_json': '{""action_detail"": ""{\\""description\\"": \\""In response to intense market competition, we are lowering the interest rate on our personal loan product to attract more customers.\\""}"", ""action_id"": ""B005-A-4"", ""action_sequence"": 1, ""action_type"": ""PricingManagement"", ""actor_id"": ""B005"", ""actor_type"": ""bank"", ""bank_id"": ""B005"", ""timestep"": 4, ""visibility"": ""private""}'}"
4,bank_agent,bank,B005,B005,,,,,,MarketingCampaign,"{""description"": ""Launch a targeted marketing campaign to promote the competitive interest rate of our Green Energy Loan and the newly reduced rate on our Personal Loan.""}",private,,2,2,B005-A-5,,3,4,,,,,,,,,,,,,,,"{'validation_status': 'valid', 'validation_errors': None, 'repair_notes': None, 'raw_row_json': '{""action_detail"": ""{\\""description\\"": \\""Launch a targeted marketing campaign to promote the competitive interest rate of our Green Energy Loan and the newly reduced rate on our Personal Loan.\\""}"", ""action_id"": ""B005-A-5"", ""action_sequence"": 2, ""action_type"": ""MarketingCampaign"", ""actor_id"": ""B005"", ""actor_type"": ""bank"", ""bank_id"": ""B005"", ""timestep"": 4, ""visibility"": ""private""}'}"
4,bank_agent,bank,B004,B004,,,,,,rate_change,"In response to continued competitive pressure in the green lending market, DKB is renewing its Green Energy Loan with a more competitive interest rate.",public,,1,1,A007_8,,3,4,,,,,,,,,,,,,,,"{'validation_status': 'valid', 'validation_errors': None, 'repair_notes': None, 'raw_row_json': '{""action_detail"": ""In response to continued competitive pressure in the green lending market, DKB is renewing its Green Energy Loan with a more competitive interest rate."", ""action_id"": ""A007"", ""action_sequence"": 1, ""action_type"": ""rate_change"", ""actor_id"": ""B004"", ""actor_type"": ""bank"", ""bank_id"": ""B004"", ""timestep"": 4, ""visibility"": ""public""}'}"
4,bank_agent,bank,B001,B001,,,,,,management,Respond to intense market competition by lowering interest rates on all loan products and launching targeted marketing campaigns for our green energy loan and new lower personal loan rates.,private,,1,1,B001-action-4,,3,4,,,,,,,,,,,,,,,"{'validation_status': 'valid', 'validation_errors': None, 'repair_notes': None, 'raw_row_json': '{""action_detail"": ""Respond to intense market competition by lowering interest rates on all loan products and launching targeted marketing campaigns for our green energy loan and new lower personal loan rates."", ""action_id"": ""B001-action-4"", ""action_sequence"": 1, ""action_type"": ""management"", ""actor_id"": ""B001"", ""actor_type"": ""bank"", ""bank_id"": ""B001"", ""timestep"": 4, ""visibility"": ""private""}'}"
5,bank_agent,bank,B003,B003,,,,,,publish_offers,Renew and enhance Green Energy and Car loan products with lower interest rates to maintain market leadership and competitiveness. Launch a supporting marketing campaign.,private,,1,1,B003_action_publish_5,,4,5,,,,,,,,,,,,,,,"{'validation_status': 'valid', 'validation_errors': None, 'repair_notes': None, 'raw_row_json': '{""action_detail"": ""Renew and enhance Green Energy and Car loan products with lower interest rates to maintain market leadership and competitiveness. Launch a supporting marketing campaign."", ""action_id"": ""B003_action_publish_5"", ""action_sequence"": 1, ""action_type"": ""publish_offers"", ""actor_id"": ""B003"", ""actor_type"": ""bank"", ""bank_id"": ""B003"", ""timestep"": 5, ""visibility"": ""private""}'}"
5,bank_agent,bank,B004,B004,,,,,,rate_change,"To maintain our #1 market position for personal loans, we are renewing our offer with a more competitive interest rate.",public,,1,1,A008,,4,5,,,,,,,,,,,,,,,"{'validation_status': 'valid', 'validation_errors': None, 'repair_notes': None, 'raw_row_json': '{""action_detail"": ""To maintain our #1 market position for personal loans, we are renewing our offer with a more competitive interest rate."", ""action_id"": ""A008"", ""action_sequence"": 1, ""action_type"": ""rate_change"", ""actor_id"": ""B004"", ""actor_type"": ""bank"", ""bank_id"": ""B004"", ""timestep"": 5, ""visibility"": ""public""}'}"
5,bank_agent,bank,B004,B004,,,,,,rate_change,"To defend our leading position in the car loan market, we are introducing a new offer with a lower interest rate.",public,,1,1,A009,,4,5,,,,,,,,,,,,,,,"{'validation_status': 'valid', 'validation_errors': None, 'repair_notes': None, 'raw_row_json': '{""action_detail"": ""To defend our leading position in the car loan market, we are introducing a new offer with a lower interest rate."", ""action_id"": ""A009"", ""action_sequence"": 1, ""action_type"": ""rate_change"", ""actor_id"": ""B004"", ""actor_type"": ""bank"", ""bank_id"": ""B004"", ""timestep"": 5, ""visibility"": ""public""}'}"
5,bank_agent,bank,B006,B006,,,,,,UPDATE_OFFERS,"In response to sustained, intense market competition, we are further reducing interest rates on our Green Energy and Standard loan products to enhance our competitive position and attract a wider customer base.",public,,1,1,B006-action-5-1,,4,5,,,,,,,,,,,,,,,"{'validation_status': 'valid', 'validation_errors': None, 'repair_notes': None, 'raw_row_json': '{""action_detail"": ""In response to sustained, intense market competition, we are further reducing interest rates on our Green Energy and Standard loan products to enhance our competitive position and attract a wider customer base."", ""action_id"": ""B006-action-5-1"", ""action_sequence"": 1, ""action_type"": ""UPDATE_OFFERS"", ""actor_id"": ""B006"", ""actor_type"": ""bank"", ""bank_id"": ""B006"", ""timestep"": 5, ""visibility"": ""public""}'}"
5,bank_agent,bank,B001,B001,,,,,,management,,private,,1,1,B001-action-5,,4,5,,,,,,,,,,,,,,,"{'action_detail': 'The market remains highly competitive. To gain an edge, we are launching a new car loan product to enter a new market segment. We are also making our green energy loan more competitive by lowering its interest rate. A targeted marketing campaign will support these new and updated offers.', 'validation_status': 'valid', 'validation_errors': None, 'repair_notes': None, 'raw_row_json': '{""action_id"": ""B001-action-5"", ""action_sequence"": 1, ""action_type"": ""management"", ""actor_id"": ""B001"", ""actor_type"": ""bank"", ""bank_id"": ""B001"", ""parameters"": {""action_detail"": ""The market remains highly competitive. To gain an edge, we are launching a new car loan product to enter a new market segment. We are also making our green energy loan more competitive by lowering its interest rate. A targeted marketing campaign will support these new and updated offers.""}, ""timestep"": 5, ""visibility"": ""private""}'}"
5,bank_agent,bank,B005,B005,,,,,,PricingManagement,"{""description"": ""In response to ongoing intense market competition, we are further reducing the interest rates on our Personal Loan and Green Energy Loan products to enhance our competitiveness and attract more customers.""}",private,,1,1,B005-A-6,,4,5,,,,,,,,,,,,,,,"{'validation_status': 'valid', 'validation_errors': None, 'repair_notes': None, 'raw_row_json': '{""action_detail"": ""{\\""description\\"": \\""In response to ongoing intense market competition, we are further reducing the interest rates on our Personal Loan and Green Energy Loan products to enhance our competitiveness and attract more customers.\\""}"", ""action_id"": ""B005-A-6"", ""action_sequence"": 1, ""action_type"": ""PricingManagement"", ""actor_id"": ""B005"", ""actor_type"": ""bank"", ""bank_id"": ""B005"", ""timestep"": 5, ""visibility"": ""private""}'}"
5,bank_agent,bank,B005,B005,,,,,,MarketingCampaign,"{""description"": ""Launch a major marketing campaign to aggressively promote the new, lower interest rates on our Personal and Green Energy loans, aiming to improve marketplace ranking and visibility.""}",private,,2,2,B005-A-7,,4,5,,,,,,,,,,,,,,,"{'validation_status': 'valid', 'validation_errors': None, 'repair_notes': None, 'raw_row_json': '{""action_detail"": ""{\\""description\\"": \\""Launch a major marketing campaign to aggressively promote the new, lower interest rates on our Personal and Green Energy loans, aiming to improve marketplace ranking and visibility.\\""}"", ""action_id"": ""B005-A-7"", ""action_sequence"": 2, ""action_type"": ""MarketingCampaign"", ""actor_id"": ""B005"", ""actor_type"": ""bank"", ""bank_id"": ""B005"", ""timestep"": 5, ""visibility"": ""private""}'}"
5,bank_agent,bank,B002,B002,,,,,,strategy,"The market remains highly competitive. To gain a stronger position against market leaders like DKB, we are repricing our Green Energy and Car loans with significantly lower interest rates. We will launch a marketing campaign to communicate this enhanced value proposition.",private,,1,1,A009_8,,4,5,,,,,,,,,,,,,,,"{'validation_status': 'valid', 'validation_errors': None, 'repair_notes': None, 'raw_row_json': '{""action_detail"": ""The market remains highly competitive. To gain a stronger position against market leaders like DKB, we are repricing our Green Energy and Car loans with significantly lower interest rates. We will launch a marketing campaign to communicate this enhanced value proposition."", ""action_id"": ""A009"", ""action_sequence"": 1, ""action_type"": ""strategy"", ""actor_id"": ""B002"", ""actor_type"": ""bank"", ""bank_id"": ""B002"", ""timestep"": 5, ""visibility"": ""private""}'}"
5,bank_agent,bank,B007,B007,,,,,,new_offer,,public,,5,5,B007-A-9,,4,5,,,,,,,,,,,,,,,"{'validation_status': 'valid', 'validation_errors': None, 'repair_notes': None, 'raw_row_json': '{""action_id"": ""B007-A-9"", ""action_sequence"": 5, ""action_type"": ""new_offer"", ""actor_id"": ""B007"", ""actor_type"": ""bank"", ""bank_id"": ""B007"", ""timestep"": 5, ""visibility"": ""public""}'}"
5,bank_agent,bank,B007,B007,,,,,,new_offer,,public,,5,5,B007-A-10,,4,5,,,,,,,,,,,,,,,"{'validation_status': 'valid', 'validation_errors': None, 'repair_notes': None, 'raw_row_json': '{""action_id"": ""B007-A-10"", ""action_sequence"": 5, ""action_type"": ""new_offer"", ""actor_id"": ""B007"", ""actor_type"": ""bank"", ""bank_id"": ""B007"", ""timestep"": 5, ""visibility"": ""public""}'}"
5,bank_agent,bank,B007,B007,,,,,,new_offer,,public,,5,5,B007-A-11,,4,5,,,,,,,,,,,,,,,"{'validation_status': 'valid', 'validation_errors': None, 'repair_notes': None, 'raw_row_json': '{""action_id"": ""B007-A-11"", ""action_sequence"": 5, ""action_type"": ""new_offer"", ""actor_id"": ""B007"", ""actor_type"": ""bank"", ""bank_id"": ""B007"", ""timestep"": 5, ""visibility"": ""public""}'}"
5,bank_agent,bank,B007,B007,,,,,,new_offer,,public,,5,5,B007-A-12,,4,5,,,,,,,,,,,,,,,"{'validation_status': 'valid', 'validation_errors': None, 'repair_notes': None, 'raw_row_json': '{""action_id"": ""B007-A-12"", ""action_sequence"": 5, ""action_type"": ""new_offer"", ""actor_id"": ""B007"", ""actor_type"": ""bank"", ""bank_id"": ""B007"", ""timestep"": 5, ""visibility"": ""public""}'}"
5,bank_agent,bank,B008,B008,,,,,,management,"In response to intense market competition, Santander is launching a revised set of loan products with more competitive rates, including a renewed focus on the green energy loan sector.",private,,4,4,action_B008_5,,4,5,,,,,,,,,,,,,,,"{'validation_status': 'valid', 'validation_errors': None, 'repair_notes': None, 'raw_row_json': '{""action_detail"": ""In response to intense market competition, Santander is launching a revised set of loan products with more competitive rates, including a renewed focus on the green energy loan sector."", ""action_id"": ""action_B008_5"", ""action_sequence"": 4, ""action_type"": ""management"", ""actor_id"": ""B008"", ""actor_type"": ""bank"", ""bank_id"": ""B008"", ""timestep"": 5, ""visibility"": ""private""}'}"
6,bank_agent,bank,B004,B004,,,,,,rate_change,"To solidify our #1 market position in the green energy sector, we are lowering the interest rate on our Green Energy Loan.",public,,1,1,A010,,5,6,,,,,,,,,,,,,,,"{'validation_status': 'valid', 'validation_errors': None, 'repair_notes': None, 'raw_row_json': '{""action_detail"": ""To solidify our #1 market position in the green energy sector, we are lowering the interest rate on our Green Energy Loan."", ""action_id"": ""A010"", ""action_sequence"": 1, ""action_type"": ""rate_change"", ""actor_id"": ""B004"", ""actor_type"": ""bank"", ""bank_id"": ""B004"", ""timestep"": 6, ""visibility"": ""public""}'}"
6,bank_agent,bank,B004,B004,,,,,,no_action,We are maintaining our current competitive rates for our #1 ranked Personal Loan.,public,,1,1,A011,,5,6,,,,,,,,,,,,,,,"{'validation_status': 'valid', 'validation_errors': None, 'repair_notes': None, 'raw_row_json': '{""action_detail"": ""We are maintaining our current competitive rates for our #1 ranked Personal Loan."", ""action_id"": ""A011"", ""action_sequence"": 1, ""action_type"": ""no_action"", ""actor_id"": ""B004"", ""actor_type"": ""bank"", ""bank_id"": ""B004"", ""timestep"": 6, ""visibility"": ""public""}'}"
6,bank_agent,bank,B004,B004,,,,,,no_action,We are holding our #1 market position with our current competitive Car Loan rates.,public,,1,1,A012,,5,6,,,,,,,,,,,,,,,"{'validation_status': 'valid', 'validation_errors': None, 'repair_notes': None, 'raw_row_json': '{""action_detail"": ""We are holding our #1 market position with our current competitive Car Loan rates."", ""action_id"": ""A012"", ""action_sequence"": 1, ""action_type"": ""no_action"", ""actor_id"": ""B004"", ""actor_type"": ""bank"", ""bank_id"": ""B004"", ""timestep"": 6, ""visibility"": ""public""}'}"
6,bank_agent,bank,B002,B002,,,,,,strategy,"The market is in a full-blown price war. To compete with the leaders, especially DKB, we must be more aggressive. We will reprice our Personal Loan Plus with a significantly lower rate and launch a major marketing campaign to broadcast our competitive position across our core loan products.",private,,1,1,A012_4,,5,6,,,,,,,,,,,,,,,"{'validation_status': 'valid', 'validation_errors': None, 'repair_notes': None, 'raw_row_json': '{""action_detail"": ""The market is in a full-blown price war. To compete with the leaders, especially DKB, we must be more aggressive. We will reprice our Personal Loan Plus with a significantly lower rate and launch a major marketing campaign to broadcast our competitive position across our core loan products."", ""action_id"": ""A012"", ""action_sequence"": 1, ""action_type"": ""strategy"", ""actor_id"": ""B002"", ""actor_type"": ""bank"", ""bank_id"": ""B002"", ""timestep"": 6, ""visibility"": ""private""}'}"
6,bank_agent,bank,B003,B003,,,,,,publish_offers,"Aggressively reduce interest rates on personal, green energy, and car loans to challenge DKB's market leadership and capture a larger market share amidst the ongoing price war.",private,,1,1,B003_action_timestep_6,,5,6,,,,,,,,,,,,,,,"{'validation_status': 'valid', 'validation_errors': None, 'repair_notes': None, 'raw_row_json': '{""action_detail"": ""Aggressively reduce interest rates on personal, green energy, and car loans to challenge DKB\'s market leadership and capture a larger market share amidst the ongoing price war."", ""action_id"": ""B003_action_timestep_6"", ""action_sequence"": 1, ""action_type"": ""publish_offers"", ""actor_id"": ""B003"", ""actor_type"": ""bank"", ""bank_id"": ""B003"", ""timestep"": 6, ""visibility"": ""private""}'}"
6,bank_agent,bank,B007,B007,,,,,,new_offer,,public,,6,6,B007-A-13,,5,6,,,,,,,,,,,,,,,"{'validation_status': 'valid', 'validation_errors': None, 'repair_notes': None, 'raw_row_json': '{""action_id"": ""B007-A-13"", ""action_sequence"": 6, ""action_type"": ""new_offer"", ""actor_id"": ""B007"", ""actor_type"": ""bank"", ""bank_id"": ""B007"", ""timestep"": 6, ""visibility"": ""public""}'}"
6,bank_agent,bank,B007,B007,,,,,,new_offer,,public,,6,6,B007-A-14,,5,6,,,,,,,,,,,,,,,"{'validation_status': 'valid', 'validation_errors': None, 'repair_notes': None, 'raw_row_json': '{""action_id"": ""B007-A-14"", ""action_sequence"": 6, ""action_type"": ""new_offer"", ""actor_id"": ""B007"", ""actor_type"": ""bank"", ""bank_id"": ""B007"", ""timestep"": 6, ""visibility"": ""public""}'}"
6,bank_agent,bank,B007,B007,,,,,,new_offer,,public,,6,6,B007-A-15,,5,6,,,,,,,,,,,,,,,"{'validation_status': 'valid', 'validation_errors': None, 'repair_notes': None, 'raw_row_json': '{""action_id"": ""B007-A-15"", ""action_sequence"": 6, ""action_type"": ""new_offer"", ""actor_id"": ""B007"", ""actor_type"": ""bank"", ""bank_id"": ""B007"", ""timestep"": 6, ""visibility"": ""public""}'}"
6,bank_agent,bank,B007,B007,,,,,,new_offer,,public,,6,6,B007-A-16,,5,6,,,,,,,,,,,,,,,"{'validation_status': 'valid', 'validation_errors': None, 'repair_notes': None, 'raw_row_json': '{""action_id"": ""B007-A-16"", ""action_sequence"": 6, ""action_type"": ""new_offer"", ""actor_id"": ""B007"", ""actor_type"": ""bank"", ""bank_id"": ""B007"", ""timestep"": 6, ""visibility"": ""public""}'}"
6,bank_agent,bank,B005,B005,,,,,,PricingManagement,"{""description"": ""Responding to the ongoing price war and to improve our market ranking, we are strategically reducing the interest rates for our Green Energy and Personal Loan products. This move is aimed at capturing a larger market share and positioning Sparkasse as a price leader.""}",private,,1,1,B005-A-8,,5,6,,,,,,,,,,,,,,,"{'validation_status': 'valid', 'validation_errors': None, 'repair_notes': None, 'raw_row_json': '{""action_detail"": ""{\\""description\\"": \\""Responding to the ongoing price war and to improve our market ranking, we are strategically reducing the interest rates for our Green Energy and Personal Loan products. This move is aimed at capturing a larger market share and positioning Sparkasse as a price leader.\\""}"", ""action_id"": ""B005-A-8"", ""action_sequence"": 1, ""action_type"": ""PricingManagement"", ""actor_id"": ""B005"", ""actor_type"": ""bank"", ""bank_id"": ""B005"", ""timestep"": 6, ""visibility"": ""private""}'}"
6,bank_agent,bank,B001,B001,,,,,,management,,private,,1,1,B001-action-6,,5,6,,,,,,,,,,,,,,,"{'action_detail': 'In response to the ongoing price war and to bolster our market position, we are significantly reducing interest rates on our personal loan products. We will also launch a major marketing campaign to highlight our competitive rates across all loan categories.', 'validation_status': 'valid', 'validation_errors': None, 'repair_notes': None, 'raw_row_json': '{""action_id"": ""B001-action-6"", ""action_sequence"": 1, ""action_type"": ""management"", ""actor_id"": ""B001"", ""actor_type"": ""bank"", ""bank_id"": ""B001"", ""parameters"": {""action_detail"": ""In response to the ongoing price war and to bolster our market position, we are significantly reducing interest rates on our personal loan products. We will also launch a major marketing campaign to highlight our competitive rates across all loan categories.""}, ""timestep"": 6, ""visibility"": ""private""}'}"
6,bank_agent,bank,B008,B008,,,,,,management,"In response to the escalating price war and to challenge the market leaders, Santander is aggressively reducing interest rates across its core loan products. This is a direct strategy to increase market share in the Green Energy and Personal Loan segments.",private,,5,5,action_B008_6,,5,6,,,,,,,,,,,,,,,"{'validation_status': 'valid', 'validation_errors': None, 'repair_notes': None, 'raw_row_json': '{""action_detail"": ""In response to the escalating price war and to challenge the market leaders, Santander is aggressively reducing interest rates across its core loan products. This is a direct strategy to increase market share in the Green Energy and Personal Loan segments."", ""action_id"": ""action_B008_6"", ""action_sequence"": 5, ""action_type"": ""management"", ""actor_id"": ""B008"", ""actor_type"": ""bank"", ""bank_id"": ""B008"", ""timestep"": 6, ""visibility"": ""private""}'}"
6,bank_agent,bank,B008,B008,,,,,,marketing,Launching a major marketing campaign: 'Santander's Price War Offensive: Unbeatable Rates on Green and Personal Loans!' to aggressively promote our market-leading low interest rates and attract new customers.,public,,5,5,action_B008_7,,5,6,,,,,,,,,,,,,,,"{'validation_status': 'valid', 'validation_errors': None, 'repair_notes': None, 'raw_row_json': '{""action_detail"": ""Launching a major marketing campaign: \'Santander\'s Price War Offensive: Unbeatable Rates on Green and Personal Loans!\' to aggressively promote our market-leading low interest rates and attract new customers."", ""action_id"": ""action_B008_7"", ""action_sequence"": 5, ""action_type"": ""marketing"", ""actor_id"": ""B008"", ""actor_type"": ""bank"", ""bank_id"": ""B008"", ""timestep"": 6, ""visibility"": ""public""}'}"
6,bank_agent,bank,B006,B006,,,,,,UPDATE_OFFERS,"In response to the ongoing price war and to solidify our market-leading position, we are further reducing interest rates across our Green Energy and Standard loan portfolios.",public,,1,1,B006-action-6-1,,5,6,,,,,,,,,,,,,,,"{'validation_status': 'valid', 'validation_errors': None, 'repair_notes': None, 'raw_row_json': '{""action_detail"": ""In response to the ongoing price war and to solidify our market-leading position, we are further reducing interest rates across our Green Energy and Standard loan portfolios."", ""action_id"": ""B006-action-6-1"", ""action_sequence"": 1, ""action_type"": ""UPDATE_OFFERS"", ""actor_id"": ""B006"", ""actor_type"": ""bank"", ""bank_id"": ""B006"", ""timestep"": 6, ""visibility"": ""public""}'}"
7,bank_agent,bank,B004,B004,,,,,,management_decision,"Despite the market-wide price war, DKB holds the #1 rank across all major loan categories. Our strategy is to maintain our leadership by renewing our highly competitive Personal and Car loan offers without further rate cuts, as our current rates are already the best on the market. We will also launch a marketing campaign to solidify our brand as the top choice for borrowers.",public,,1,1,A013,,6,7,,,,,,,,,,,,,,,"{'validation_status': 'valid', 'validation_errors': None, 'repair_notes': None, 'raw_row_json': '{""action_detail"": ""Despite the market-wide price war, DKB holds the #1 rank across all major loan categories. Our strategy is to maintain our leadership by renewing our highly competitive Personal and Car loan offers without further rate cuts, as our current rates are already the best on the market. We will also launch a marketing campaign to solidify our brand as the top choice for borrowers."", ""action_id"": ""A013"", ""action_sequence"": 1, ""action_type"": ""management_decision"", ""actor_id"": ""B004"", ""actor_type"": ""bank"", ""bank_id"": ""B004"", ""timestep"": 7, ""visibility"": ""public""}'}"
7,bank_agent,bank,B004,B004,,,,,,rate_change,Renewing our market-leading Personal Loan offer to maintain our #1 position.,public,,2,2,A014,,6,7,,,,,,,,,,,,,,,"{'validation_status': 'valid', 'validation_errors': None, 'repair_notes': None, 'raw_row_json': '{""action_detail"": ""Renewing our market-leading Personal Loan offer to maintain our #1 position."", ""action_id"": ""A014"", ""action_sequence"": 2, ""action_type"": ""rate_change"", ""actor_id"": ""B004"", ""actor_type"": ""bank"", ""bank_id"": ""B004"", ""timestep"": 7, ""visibility"": ""public""}'}"
7,bank_agent,bank,B004,B004,,,,,,rate_change,Renewing our market-leading Car Loan offer to defend our #1 rank.,public,,3,3,A015,,6,7,,,,,,,,,,,,,,,"{'validation_status': 'valid', 'validation_errors': None, 'repair_notes': None, 'raw_row_json': '{""action_detail"": ""Renewing our market-leading Car Loan offer to defend our #1 rank."", ""action_id"": ""A015"", ""action_sequence"": 3, ""action_type"": ""rate_change"", ""actor_id"": ""B004"", ""actor_type"": ""bank"", ""bank_id"": ""B004"", ""timestep"": 7, ""visibility"": ""public""}'}"
7,bank_agent,bank,B004,B004,,,,,,no_action,"Our current Green Energy Loan rate remains the best on the market, solidifying our #1 position without needing further adjustments.",public,,4,4,A016,,6,7,,,,,,,,,,,,,,,"{'validation_status': 'valid', 'validation_errors': None, 'repair_notes': None, 'raw_row_json': '{""action_detail"": ""Our current Green Energy Loan rate remains the best on the market, solidifying our #1 position without needing further adjustments."", ""action_id"": ""A016"", ""action_sequence"": 4, ""action_type"": ""no_action"", ""actor_id"": ""B004"", ""actor_type"": ""bank"", ""bank_id"": ""B004"", ""timestep"": 7, ""visibility"": ""public""}'}"
7,bank_agent,bank,B001,B001,,,,,,management,,private,,1,1,B001-action-7,,6,7,,,,,,,,,,,,,,,"{'action_detail': 'The price war has intensified, with competitors offering significantly lower rates. Our current offers are not competitive. We are making substantial interest rate cuts across all our loan products (Personal, Green Energy, Car) to regain market share. This will be supported by a marketing campaign to communicate our new, more aggressive pricing.', 'validation_status': 'valid', 'validation_errors': None, 'repair_notes': None, 'raw_row_json': '{""action_id"": ""B001-action-7"", ""action_sequence"": 1, ""action_type"": ""management"", ""actor_id"": ""B001"", ""actor_type"": ""bank"", ""bank_id"": ""B001"", ""parameters"": {""action_detail"": ""The price war has intensified, with competitors offering significantly lower rates. Our current offers are not competitive. We are making substantial interest rate cuts across all our loan products (Personal, Green Energy, Car) to regain market share. This will be supported by a marketing campaign to communicate our new, more aggressive pricing.""}, ""timestep"": 7, ""visibility"": ""private""}'}"
7,bank_agent,bank,B008,B008,,,,,,management,"The price war has intensified, and our previous rate reductions were not enough to compete with market leaders like DKB (B004). To reclaim market share and align our marketing with reality, we are launching a new set of offers with aggressive rate cuts, undercutting the top competitor's APRs for Green and Personal loans.",private,,6,6,action_B008_8,,6,7,,,,,,,,,,,,,,,"{'validation_status': 'valid', 'validation_errors': None, 'repair_notes': None, 'raw_row_json': '{""action_detail"": ""The price war has intensified, and our previous rate reductions were not enough to compete with market leaders like DKB (B004). To reclaim market share and align our marketing with reality, we are launching a new set of offers with aggressive rate cuts, undercutting the top competitor\'s APRs for Green and Personal loans."", ""action_id"": ""action_B008_8"", ""action_sequence"": 6, ""action_type"": ""management"", ""actor_id"": ""B008"", ""actor_type"": ""bank"", ""bank_id"": ""B008"", ""timestep"": 7, ""visibility"": ""private""}'}"
7,bank_agent,bank,B008,B008,,,,,,marketing,"Santander is back in the fight! We've slashed our rates to challenge the market leaders. Get our Green Energy Loan at a record-low 2.69% APR and Personal Loans from 3.15% APR. Don't settle for less, get the best rate from Santander!",public,,6,6,action_B008_9,,6,7,,,,,,,,,,,,,,,"{'validation_status': 'valid', 'validation_errors': None, 'repair_notes': None, 'raw_row_json': '{""action_detail"": ""Santander is back in the fight! We\'ve slashed our rates to challenge the market leaders. Get our Green Energy Loan at a record-low 2.69% APR and Personal Loans from 3.15% APR. Don\'t settle for less, get the best rate from Santander!"", ""action_id"": ""action_B008_9"", ""action_sequence"": 6, ""action_type"": ""marketing"", ""actor_id"": ""B008"", ""actor_type"": ""bank"", ""bank_id"": ""B008"", ""timestep"": 7, ""visibility"": ""public""}'}"
7,bank_agent,bank,B003,B003,,,,,,publish_offers,"Continue aggressive price-cutting strategy to challenge market leader DKB (B004). Lowering rates on Green Energy, Car, and Personal loans to undercut or match competitor pricing. Launching a new marketing campaign to highlight our competitive rates.",private,,1,1,B003_action_timestep_7,,6,7,,,,,,,,,,,,,,,"{'validation_status': 'valid', 'validation_errors': None, 'repair_notes': None, 'raw_row_json': '{""action_detail"": ""Continue aggressive price-cutting strategy to challenge market leader DKB (B004). Lowering rates on Green Energy, Car, and Personal loans to undercut or match competitor pricing. Launching a new marketing campaign to highlight our competitive rates."", ""action_id"": ""B003_action_timestep_7"", ""action_sequence"": 1, ""action_type"": ""publish_offers"", ""actor_id"": ""B003"", ""actor_type"": ""bank"", ""bank_id"": ""B003"", ""timestep"": 7, ""visibility"": ""private""}'}"
7,bank_agent,bank,B005,B005,,,,,,PricingManagement,"{""description"": ""Drastic price reduction on Personal and Green Energy loans in an aggressive move to become price-competitive in the ongoing market price war. The goal is to significantly improve marketplace ranking and capture market share from leaders like DKB and ING.""}",private,,1,1,B005-A-9,,6,7,,,,,,,,,,,,,,,"{'validation_status': 'valid', 'validation_errors': None, 'repair_notes': None, 'raw_row_json': '{""action_detail"": ""{\\""description\\"": \\""Drastic price reduction on Personal and Green Energy loans in an aggressive move to become price-competitive in the ongoing market price war. The goal is to significantly improve marketplace ranking and capture market share from leaders like DKB and ING.\\""}"", ""action_id"": ""B005-A-9"", ""action_sequence"": 1, ""action_type"": ""PricingManagement"", ""actor_id"": ""B005"", ""actor_type"": ""bank"", ""bank_id"": ""B005"", ""timestep"": 7, ""visibility"": ""private""}'}"
7,bank_agent,bank,B007,B007,,,,,,new_offer,,public,,7,7,B007-A-17,,6,7,,,,,,,,,,,,,,,"{'validation_status': 'valid', 'validation_errors': None, 'repair_notes': None, 'raw_row_json': '{""action_id"": ""B007-A-17"", ""action_sequence"": 7, ""action_type"": ""new_offer"", ""actor_id"": ""B007"", ""actor_type"": ""bank"", ""bank_id"": ""B007"", ""timestep"": 7, ""visibility"": ""public""}'}"
7,bank_agent,bank,B007,B007,,,,,,new_offer,,public,,7,7,B007-A-18,,6,7,,,,,,,,,,,,,,,"{'validation_status': 'valid', 'validation_errors': None, 'repair_notes': None, 'raw_row_json': '{""action_id"": ""B007-A-18"", ""action_sequence"": 7, ""action_type"": ""new_offer"", ""actor_id"": ""B007"", ""actor_type"": ""bank"", ""bank_id"": ""B007"", ""timestep"": 7, ""visibility"": ""public""}'}"
7,bank_agent,bank,B007,B007,,,,,,new_offer,,public,,7,7,B007-A-19,,6,7,,,,,,,,,,,,,,,"{'validation_status': 'valid', 'validation_errors': None, 'repair_notes': None, 'raw_row_json': '{""action_id"": ""B007-A-19"", ""action_sequence"": 7, ""action_type"": ""new_offer"", ""actor_id"": ""B007"", ""actor_type"": ""bank"", ""bank_id"": ""B007"", ""timestep"": 7, ""visibility"": ""public""}'}"
7,bank_agent,bank,B007,B007,,,,,,new_offer,,public,,7,7,B007-A-20,,6,7,,,,,,,,,,,,,,,"{'validation_status': 'valid', 'validation_errors': None, 'repair_notes': None, 'raw_row_json': '{""action_id"": ""B007-A-20"", ""action_sequence"": 7, ""action_type"": ""new_offer"", ""actor_id"": ""B007"", ""actor_type"": ""bank"", ""bank_id"": ""B007"", ""timestep"": 7, ""visibility"": ""public""}'}"
7,bank_agent,bank,B002,B002,,,,,,strategy,"The price war has reached a critical point. Our previous rate cuts were insufficient to challenge the market leaders. We are now undertaking a major repricing of our core loan products—Green Energy, Car, and Personal Loans—to position ourselves as a strong competitor to DKB and other leaders. This will be supported by a large-scale marketing campaign to amplify our new, highly competitive rates.",private,,1,1,A014_14,,6,7,,,,,,,,,,,,,,,"{'validation_status': 'valid', 'validation_errors': None, 'repair_notes': None, 'raw_row_json': '{""action_detail"": ""The price war has reached a critical point. Our previous rate cuts were insufficient to challenge the market leaders. We are now undertaking a major repricing of our core loan products—Green Energy, Car, and Personal Loans—to position ourselves as a strong competitor to DKB and other leaders. This will be supported by a large-scale marketing campaign to amplify our new, highly competitive rates."", ""action_id"": ""A014"", ""action_sequence"": 1, ""action_type"": ""strategy"", ""actor_id"": ""B002"", ""actor_type"": ""bank"", ""bank_id"": ""B002"", ""timestep"": 7, ""visibility"": ""private""}'}"
7,bank_agent,bank,B006,B006,,,,,,UPDATE_OFFERS,"The public summary reveals that Bank B004 has become the clear market leader with highly competitive rates. Our previous rate cuts were insufficient. This timestep, we are implementing a significant reduction in our interest rates across all loan products to aggressively compete with the market leader and regain lost ground in the ongoing price war.",public,,1,1,B006-action-7-1,,6,7,,,,,,,,,,,,,,,"{'validation_status': 'valid', 'validation_errors': None, 'repair_notes': None, 'raw_row_json': '{""action_detail"": ""The public summary reveals that Bank B004 has become the clear market leader with highly competitive rates. Our previous rate cuts were insufficient. This timestep, we are implementing a significant reduction in our interest rates across all loan products to aggressively compete with the market leader and regain lost ground in the ongoing price war."", ""action_id"": ""B006-action-7-1"", ""action_sequence"": 1, ""action_type"": ""UPDATE_OFFERS"", ""actor_id"": ""B006"", ""actor_type"": ""bank"", ""bank_id"": ""B006"", ""timestep"": 7, ""visibility"": ""public""}'}"
8,bank_agent,bank,B003,B003,,,,,,publish_offers,"Continue aggressive price-cutting strategy to challenge market leader DKB (B004). Lowering rates on Green Energy, Car, and Personal loans to undercut or match competitor pricing. Launching a new marketing campaign to highlight our competitive rates and challenge for the #1 position in the market's price war.",private,,1,1,B003_action_timestep_8,,7,8,,,,,,,,,,,,,,,"{'validation_status': 'valid', 'validation_errors': None, 'repair_notes': None, 'raw_row_json': '{""action_detail"": ""Continue aggressive price-cutting strategy to challenge market leader DKB (B004). Lowering rates on Green Energy, Car, and Personal loans to undercut or match competitor pricing. Launching a new marketing campaign to highlight our competitive rates and challenge for the #1 position in the market\'s price war."", ""action_id"": ""B003_action_timestep_8"", ""action_sequence"": 1, ""action_type"": ""publish_offers"", ""actor_id"": ""B003"", ""actor_type"": ""bank"", ""bank_id"": ""B003"", ""timestep"": 8, ""visibility"": ""private""}'}"
8,bank_agent,bank,B004,B004,,,,,,management_decision,"The price war intensifies. To defend our #1 ranking against aggressive moves by competitors like ING, Commerzbank, and Sparkasse, we will strategically lower our interest rates across all key loan products. We will also continue our marketing campaign to amplify our market leadership.",public,,1,1,A017,,7,8,,,,,,,,,,,,,,,"{'validation_status': 'valid', 'validation_errors': None, 'repair_notes': None, 'raw_row_json': '{""action_detail"": ""The price war intensifies. To defend our #1 ranking against aggressive moves by competitors like ING, Commerzbank, and Sparkasse, we will strategically lower our interest rates across all key loan products. We will also continue our marketing campaign to amplify our market leadership."", ""action_id"": ""A017"", ""action_sequence"": 1, ""action_type"": ""management_decision"", ""actor_id"": ""B004"", ""actor_type"": ""bank"", ""bank_id"": ""B004"", ""timestep"": 8, ""visibility"": ""public""}'}"
8,bank_agent,bank,B004,B004,,,,,,rate_change,Lowering the rate on our DKB Personal Loan to stay ahead of the competition and maintain our #1 position.,public,,2,2,A018,,7,8,,,,,,,,,,,,,,,"{'validation_status': 'valid', 'validation_errors': None, 'repair_notes': None, 'raw_row_json': '{""action_detail"": ""Lowering the rate on our DKB Personal Loan to stay ahead of the competition and maintain our #1 position."", ""action_id"": ""A018"", ""action_sequence"": 2, ""action_type"": ""rate_change"", ""actor_id"": ""B004"", ""actor_type"": ""bank"", ""bank_id"": ""B004"", ""timestep"": 8, ""visibility"": ""public""}'}"
8,bank_agent,bank,B004,B004,,,,,,rate_change,Cutting the rate for our DKB Car Loan to fend off challengers and secure our top rank.,public,,3,3,A019,,7,8,,,,,,,,,,,,,,,"{'validation_status': 'valid', 'validation_errors': None, 'repair_notes': None, 'raw_row_json': '{""action_detail"": ""Cutting the rate for our DKB Car Loan to fend off challengers and secure our top rank."", ""action_id"": ""A019"", ""action_sequence"": 3, ""action_type"": ""rate_change"", ""actor_id"": ""B004"", ""actor_type"": ""bank"", ""bank_id"": ""B004"", ""timestep"": 8, ""visibility"": ""public""}'}"
8,bank_agent,bank,B004,B004,,,,,,rate_change,Reducing the interest rate on our DKB Green Energy Loan to reassert our leadership in the green lending market.,public,,4,4,A020,,7,8,,,,,,,,,,,,,,,"{'validation_status': 'valid', 'validation_errors': None, 'repair_notes': None, 'raw_row_json': '{""action_detail"": ""Reducing the interest rate on our DKB Green Energy Loan to reassert our leadership in the green lending market."", ""action_id"": ""A020"", ""action_sequence"": 4, ""action_type"": ""rate_change"", ""actor_id"": ""B004"", ""actor_type"": ""bank"", ""bank_id"": ""B004"", ""timestep"": 8, ""visibility"": ""public""}'}"
8,bank_agent,bank,B007,B007,,,,,,new_offer,,public,,8,8,B007-A-21,,7,8,,,,,,,,,,,,,,,"{'validation_status': 'valid', 'validation_errors': None, 'repair_notes': None, 'raw_row_json': '{""action_id"": ""B007-A-21"", ""action_sequence"": 8, ""action_type"": ""new_offer"", ""actor_id"": ""B007"", ""actor_type"": ""bank"", ""bank_id"": ""B007"", ""timestep"": 8, ""visibility"": ""public""}'}"
8,bank_agent,bank,B007,B007,,,,,,new_offer,,public,,8,8,B007-A-22,,7,8,,,,,,,,,,,,,,,"{'validation_status': 'valid', 'validation_errors': None, 'repair_notes': None, 'raw_row_json': '{""action_id"": ""B007-A-22"", ""action_sequence"": 8, ""action_type"": ""new_offer"", ""actor_id"": ""B007"", ""actor_type"": ""bank"", ""bank_id"": ""B007"", ""timestep"": 8, ""visibility"": ""public""}'}"
8,bank_agent,bank,B007,B007,,,,,,new_offer,,public,,8,8,B007-A-23,,7,8,,,,,,,,,,,,,,,"{'validation_status': 'valid', 'validation_errors': None, 'repair_notes': None, 'raw_row_json': '{""action_id"": ""B007-A-23"", ""action_sequence"": 8, ""action_type"": ""new_offer"", ""actor_id"": ""B007"", ""actor_type"": ""bank"", ""bank_id"": ""B007"", ""timestep"": 8, ""visibility"": ""public""}'}"
8,bank_agent,bank,B007,B007,,,,,,new_offer,,public,,8,8,B007-A-24,,7,8,,,,,,,,,,,,,,,"{'validation_status': 'valid', 'validation_errors': None, 'repair_notes': None, 'raw_row_json': '{""action_id"": ""B007-A-24"", ""action_sequence"": 8, ""action_type"": ""new_offer"", ""actor_id"": ""B007"", ""actor_type"": ""bank"", ""bank_id"": ""B007"", ""timestep"": 8, ""visibility"": ""public""}'}"
8,bank_agent,bank,B008,B008,,,,,,management,"The price war shows no signs of abating. Despite our aggressive rate cuts in timestep 7, DKB and ING remain dominant. To continue our offensive and capture a leading position, we are further reducing our APR on Green and Personal loans and launching a new, highly competitive Car Loan. We will support this with a sustained marketing campaign.",private,,7,7,action_B008_10,,7,8,,,,,,,,,,,,,,,"{'validation_status': 'valid', 'validation_errors': None, 'repair_notes': None, 'raw_row_json': '{""action_detail"": ""The price war shows no signs of abating. Despite our aggressive rate cuts in timestep 7, DKB and ING remain dominant. To continue our offensive and capture a leading position, we are further reducing our APR on Green and Personal loans and launching a new, highly competitive Car Loan. We will support this with a sustained marketing campaign."", ""action_id"": ""action_B008_10"", ""action_sequence"": 7, ""action_type"": ""management"", ""actor_id"": ""B008"", ""actor_type"": ""bank"", ""bank_id"": ""B008"", ""timestep"": 8, ""visibility"": ""private""}'}"
8,bank_agent,bank,B002,B002,,,,,,strategy,"The price war continues unabated. Despite our significant rate cuts last timestep, DKB and ING remain the top-ranked banks. To challenge their leadership and capture more market share, we will continue our aggressive pricing strategy. We are making further modest rate cuts to our Green Energy, Car, and Personal Loan products. This will be supported by a sustained, large-scale marketing campaign to ensure the market is aware of our commitment to offering leading rates.",private,,1,1,A018_11,,7,8,,,,,,,,,,,,,,,"{'validation_status': 'valid', 'validation_errors': None, 'repair_notes': None, 'raw_row_json': '{""action_detail"": ""The price war continues unabated. Despite our significant rate cuts last timestep, DKB and ING remain the top-ranked banks. To challenge their leadership and capture more market share, we will continue our aggressive pricing strategy. We are making further modest rate cuts to our Green Energy, Car, and Personal Loan products. This will be supported by a sustained, large-scale marketing campaign to ensure the market is aware of our commitment to offering leading rates."", ""action_id"": ""A018"", ""action_sequence"": 1, ""action_type"": ""strategy"", ""actor_id"": ""B002"", ""actor_type"": ""bank"", ""bank_id"": ""B002"", ""timestep"": 8, ""visibility"": ""private""}'}"
8,bank_agent,bank,B005,B005,,,,,,PricingManagement,"{""description"": ""Maintain the aggressive, low-interest rates on Personal and Green Energy loans from the previous timestep to continue fighting in the price war and solidify our market position.""}",private,,1,1,B005-A-10,,7,8,,,,,,,,,,,,,,,"{'validation_status': 'valid', 'validation_errors': None, 'repair_notes': None, 'raw_row_json': '{""action_detail"": ""{\\""description\\"": \\""Maintain the aggressive, low-interest rates on Personal and Green Energy loans from the previous timestep to continue fighting in the price war and solidify our market position.\\""}"", ""action_id"": ""B005-A-10"", ""action_sequence"": 1, ""action_type"": ""PricingManagement"", ""actor_id"": ""B005"", ""actor_type"": ""bank"", ""bank_id"": ""B005"", ""timestep"": 8, ""visibility"": ""private""}'}"
8,bank_agent,bank,B005,B005,,,,,,MarketingCampaign,"{""description"": ""Continue the marketing push to raise awareness of our market-leading low interest rates for Personal and Green Energy loans, emphasizing our commitment to providing value during this competitive price war. We will highlight our offers on online advertising and comparison portals.""}",private,,3,3,B005-A-11,,7,8,,,,,,,,,,,,,,,"{'validation_status': 'valid', 'validation_errors': None, 'repair_notes': None, 'raw_row_json': '{""action_detail"": ""{\\""description\\"": \\""Continue the marketing push to raise awareness of our market-leading low interest rates for Personal and Green Energy loans, emphasizing our commitment to providing value during this competitive price war. We will highlight our offers on online advertising and comparison portals.\\""}"", ""action_id"": ""B005-A-11"", ""action_sequence"": 3, ""action_type"": ""MarketingCampaign"", ""actor_id"": ""B005"", ""actor_type"": ""bank"", ""bank_id"": ""B005"", ""timestep"": 8, ""visibility"": ""private""}'}"
8,bank_agent,bank,B001,B001,,,,,,management,,private,,1,1,B001-action-8,,7,8,,,,,,,,,,,,,,,"{'action_detail': 'The price war continues. We will maintain our aggressive interest rates from the previous timestep and launch a major marketing campaign to amplify our competitive position. Our goal is to capture market share by highlighting our favorable rates while competitors are also focused on price-based competition.', 'validation_status': 'valid', 'validation_errors': None, 'repair_notes': None, 'raw_row_json': '{""action_id"": ""B001-action-8"", ""action_sequence"": 1, ""action_type"": ""management"", ""actor_id"": ""B001"", ""actor_type"": ""bank"", ""bank_id"": ""B001"", ""parameters"": {""action_detail"": ""The price war continues. We will maintain our aggressive interest rates from the previous timestep and launch a major marketing campaign to amplify our competitive position. Our goal is to capture market share by highlighting our favorable rates while competitors are also focused on price-based competition.""}, ""timestep"": 8, ""visibility"": ""private""}'}"
8,bank_agent,bank,B006,B006,,,,,,UPDATE_OFFERS,"The price war continues unabated. Despite our aggressive rate cuts last timestep, competitors DKB and ING remain dominant. We are doubling down on our strategy by further slashing interest rates across all our loan products to challenge for the #1 market position.",public,,1,1,B006-action-8-1,,7,8,,,,,,,,,,,,,,,"{'validation_status': 'valid', 'validation_errors': None, 'repair_notes': None, 'raw_row_json': '{""action_detail"": ""The price war continues unabated. Despite our aggressive rate cuts last timestep, competitors DKB and ING remain dominant. We are doubling down on our strategy by further slashing interest rates across all our loan products to challenge for the #1 market position."", ""action_id"": ""B006-action-8-1"", ""action_sequence"": 1, ""action_type"": ""UPDATE_OFFERS"", ""actor_id"": ""B006"", ""actor_type"": ""bank"", ""bank_id"": ""B006"", ""timestep"": 8, ""visibility"": ""public""}'}"
9,bank_agent,bank,B004,B004,,,,,,management_decision,"The price war continues to escalate. To solidify our #1 market position, we are launching a ""Price War Champion"" campaign. This involves another strategic reduction in our interest rates across all loan products to ensure we remain the undisputed market leader.",public,,1,1,A021,,8,9,,,,,,,,,,,,,,,"{'validation_status': 'valid', 'validation_errors': None, 'repair_notes': None, 'raw_row_json': '{""action_detail"": ""The price war continues to escalate. To solidify our #1 market position, we are launching a \\""Price War Champion\\"" campaign. This involves another strategic reduction in our interest rates across all loan products to ensure we remain the undisputed market leader."", ""action_id"": ""A021"", ""action_sequence"": 1, ""action_type"": ""management_decision"", ""actor_id"": ""B004"", ""actor_type"": ""bank"", ""bank_id"": ""B004"", ""timestep"": 9, ""visibility"": ""public""}'}"
9,bank_agent,bank,B004,B004,,,,,,rate_change,"We are lowering the interest rate on our DKB Personal Loan to solidify our position as the ""Price War Champion"".",public,,2,2,A022,,8,9,,,,,,,,,,,,,,,"{'validation_status': 'valid', 'validation_errors': None, 'repair_notes': None, 'raw_row_json': '{""action_detail"": ""We are lowering the interest rate on our DKB Personal Loan to solidify our position as the \\""Price War Champion\\""."", ""action_id"": ""A022"", ""action_sequence"": 2, ""action_type"": ""rate_change"", ""actor_id"": ""B004"", ""actor_type"": ""bank"", ""bank_id"": ""B004"", ""timestep"": 9, ""visibility"": ""public""}'}"
9,bank_agent,bank,B004,B004,,,,,,rate_change,"We are cutting the rate on our DKB Car Loan, reinforcing our ""Price War Champion"" status in the auto loan segment.",public,,3,3,A023,,8,9,,,,,,,,,,,,,,,"{'validation_status': 'valid', 'validation_errors': None, 'repair_notes': None, 'raw_row_json': '{""action_detail"": ""We are cutting the rate on our DKB Car Loan, reinforcing our \\""Price War Champion\\"" status in the auto loan segment."", ""action_id"": ""A023"", ""action_sequence"": 3, ""action_type"": ""rate_change"", ""actor_id"": ""B004"", ""actor_type"": ""bank"", ""bank_id"": ""B004"", ""timestep"": 9, ""visibility"": ""public""}'}"
9,bank_agent,bank,B004,B004,,,,,,rate_change,"To maintain our leadership in sustainable finance, we are reducing the interest rate on our DKB Green Energy Loan as part of our ""Price War Champion"" initiative.",public,,4,4,A024,,8,9,,,,,,,,,,,,,,,"{'validation_status': 'valid', 'validation_errors': None, 'repair_notes': None, 'raw_row_json': '{""action_detail"": ""To maintain our leadership in sustainable finance, we are reducing the interest rate on our DKB Green Energy Loan as part of our \\""Price War Champion\\"" initiative."", ""action_id"": ""A024"", ""action_sequence"": 4, ""action_type"": ""rate_change"", ""actor_id"": ""B004"", ""actor_type"": ""bank"", ""bank_id"": ""B004"", ""timestep"": 9, ""visibility"": ""public""}'}"
9,bank_agent,bank,B003,B003,,,,,,publish_offers,Continue aggressive price-cutting strategy to challenge market leader DKB (B004) and gain market share in the ongoing price war. Lowering rates on all loan products and launching a supporting marketing campaign.,private,,1,1,B003_action_timestep_9,,8,9,,,,,,,,,,,,,,,"{'validation_status': 'valid', 'validation_errors': None, 'repair_notes': None, 'raw_row_json': '{""action_detail"": ""Continue aggressive price-cutting strategy to challenge market leader DKB (B004) and gain market share in the ongoing price war. Lowering rates on all loan products and launching a supporting marketing campaign."", ""action_id"": ""B003_action_timestep_9"", ""action_sequence"": 1, ""action_type"": ""publish_offers"", ""actor_id"": ""B003"", ""actor_type"": ""bank"", ""bank_id"": ""B003"", ""timestep"": 9, ""visibility"": ""private""}'}"
9,bank_agent,bank,B007,B007,,,,,,new_offer,,public,,9,9,B007-A-25,,8,9,,,,,,,,,,,,,,,"{'validation_status': 'valid', 'validation_errors': None, 'repair_notes': None, 'raw_row_json': '{""action_id"": ""B007-A-25"", ""action_sequence"": 9, ""action_type"": ""new_offer"", ""actor_id"": ""B007"", ""actor_type"": ""bank"", ""bank_id"": ""B007"", ""timestep"": 9, ""visibility"": ""public""}'}"
9,bank_agent,bank,B007,B007,,,,,,new_offer,,public,,9,9,B007-A-26,,8,9,,,,,,,,,,,,,,,"{'validation_status': 'valid', 'validation_errors': None, 'repair_notes': None, 'raw_row_json': '{""action_id"": ""B007-A-26"", ""action_sequence"": 9, ""action_type"": ""new_offer"", ""actor_id"": ""B007"", ""actor_type"": ""bank"", ""bank_id"": ""B007"", ""timestep"": 9, ""visibility"": ""public""}'}"
9,bank_agent,bank,B007,B007,,,,,,new_offer,,public,,9,9,B007-A-27,,8,9,,,,,,,,,,,,,,,"{'validation_status': 'valid', 'validation_errors': None, 'repair_notes': None, 'raw_row_json': '{""action_id"": ""B007-A-27"", ""action_sequence"": 9, ""action_type"": ""new_offer"", ""actor_id"": ""B007"", ""actor_type"": ""bank"", ""bank_id"": ""B007"", ""timestep"": 9, ""visibility"": ""public""}'}"
9,bank_agent,bank,B007,B007,,,,,,new_offer,,public,,9,9,B007-A-28,,8,9,,,,,,,,,,,,,,,"{'validation_status': 'valid', 'validation_errors': None, 'repair_notes': None, 'raw_row_json': '{""action_id"": ""B007-A-28"", ""action_sequence"": 9, ""action_type"": ""new_offer"", ""actor_id"": ""B007"", ""actor_type"": ""bank"", ""bank_id"": ""B007"", ""timestep"": 9, ""visibility"": ""public""}'}"
9,bank_agent,bank,B007,B007,,,,,,marketing_campaign,,public,,9,9,B007-A-29,,8,9,,,,,,,,,,,,,,,"{'validation_status': 'valid', 'validation_errors': None, 'repair_notes': None, 'raw_row_json': '{""action_id"": ""B007-A-29"", ""action_sequence"": 9, ""action_type"": ""marketing_campaign"", ""actor_id"": ""B007"", ""actor_type"": ""bank"", ""bank_id"": ""B007"", ""timestep"": 9, ""visibility"": ""public""}'}"
9,bank_agent,bank,B006,B006,,,,,,UPDATE_OFFERS,"The price war rages on. To reinforce our claim to market leadership, we are launching our most aggressive interest rate cuts to date across all loan products, supported by a significant marketing campaign.",public,,1,1,B006-action-9-1,,8,9,,,,,,,,,,,,,,,"{'validation_status': 'valid', 'validation_errors': None, 'repair_notes': None, 'raw_row_json': '{""action_detail"": ""The price war rages on. To reinforce our claim to market leadership, we are launching our most aggressive interest rate cuts to date across all loan products, supported by a significant marketing campaign."", ""action_id"": ""B006-action-9-1"", ""action_sequence"": 1, ""action_type"": ""UPDATE_OFFERS"", ""actor_id"": ""B006"", ""actor_type"": ""bank"", ""bank_id"": ""B006"", ""timestep"": 9, ""visibility"": ""public""}'}"
9,bank_agent,bank,B002,B002,,,,,,strategy,"The price war persists with DKB and ING leading the market. To intensify our challenge and build on our ""Price War Offensive,"" we will escalate our aggressive pricing strategy. This involves another round of significant interest rate reductions across our core loan products, backed by a major, sustained marketing campaign to amplify our competitive stance and capture market share.",private,,1,1,A022_12,,8,9,,,,,,,,,,,,,,,"{'validation_status': 'valid', 'validation_errors': None, 'repair_notes': None, 'raw_row_json': '{""action_detail"": ""The price war persists with DKB and ING leading the market. To intensify our challenge and build on our \\""Price War Offensive,\\"" we will escalate our aggressive pricing strategy. This involves another round of significant interest rate reductions across our core loan products, backed by a major, sustained marketing campaign to amplify our competitive stance and capture market share."", ""action_id"": ""A022"", ""action_sequence"": 1, ""action_type"": ""strategy"", ""actor_id"": ""B002"", ""actor_type"": ""bank"", ""bank_id"": ""B002"", ""timestep"": 9, ""visibility"": ""private""}'}"
9,bank_agent,bank,B001,B001,,,,,,management,"Launch 'Price Offensive' to challenge market leaders. We are escalating our participation in the price war by undercutting our previous rates across all loan products to actively compete with DKB, ING, and Volksbanken for market leadership.",private,,1,1,B001-action-9,,8,9,,,,,,,,,,,,,,,"{'validation_status': 'valid', 'validation_errors': None, 'repair_notes': None, 'raw_row_json': '{""action_detail"": ""Launch \'Price Offensive\' to challenge market leaders. We are escalating our participation in the price war by undercutting our previous rates across all loan products to actively compete with DKB, ING, and Volksbanken for market leadership."", ""action_id"": ""B001-action-9"", ""action_sequence"": 1, ""action_type"": ""management"", ""actor_id"": ""B001"", ""actor_type"": ""bank"", ""bank_id"": ""B001"", ""timestep"": 9, ""visibility"": ""private""}'}"
9,bank_agent,bank,B008,B008,,,,,,management,"Santander will maintain its current aggressive pricing strategy to solidify its position in the ongoing price war. We will monitor market reaction to our highly competitive rates introduced in the previous timestep before making further adjustments. The focus remains on capturing market share in the personal, green energy, and car loan segments.",private,,8,8,action_B008_11,,8,9,,,,,,,,,,,,,,,"{'validation_status': 'valid', 'validation_errors': None, 'repair_notes': None, 'raw_row_json': '{""action_detail"": ""Santander will maintain its current aggressive pricing strategy to solidify its position in the ongoing price war. We will monitor market reaction to our highly competitive rates introduced in the previous timestep before making further adjustments. The focus remains on capturing market share in the personal, green energy, and car loan segments."", ""action_id"": ""action_B008_11"", ""action_sequence"": 8, ""action_type"": ""management"", ""actor_id"": ""B008"", ""actor_type"": ""bank"", ""bank_id"": ""B008"", ""timestep"": 9, ""visibility"": ""private""}'}"
9,bank_agent,bank,B005,B005,,,,,,PricingManagement,"{""description"": ""In response to the escalating price war, we are further reducing our interest rates on Personal and Green Energy loans to solidify our position as a price leader and gain market share.""}",private,,1,1,B005-A-12,,8,9,,,,,,,,,,,,,,,"{'validation_status': 'valid', 'validation_errors': None, 'repair_notes': None, 'raw_row_json': '{""action_detail"": ""{\\""description\\"": \\""In response to the escalating price war, we are further reducing our interest rates on Personal and Green Energy loans to solidify our position as a price leader and gain market share.\\""}"", ""action_id"": ""B005-A-12"", ""action_sequence"": 1, ""action_type"": ""PricingManagement"", ""actor_id"": ""B005"", ""actor_type"": ""bank"", ""bank_id"": ""B005"", ""timestep"": 9, ""visibility"": ""private""}'}"
9,bank_agent,bank,B005,B005,,,,,,MarketingCampaign,"{""description"": ""Launch a new phase of our 'Price War Offensive' marketing campaign, allocating a 250,000 EUR budget to highlight our new, even lower interest rates and directly challenge competitors.""}",private,,2,2,B005-A-13,,8,9,,,,,,,,,,,,,,,"{'validation_status': 'valid', 'validation_errors': None, 'repair_notes': None, 'raw_row_json': '{""action_detail"": ""{\\""description\\"": \\""Launch a new phase of our \'Price War Offensive\' marketing campaign, allocating a 250,000 EUR budget to highlight our new, even lower interest rates and directly challenge competitors.\\""}"", ""action_id"": ""B005-A-13"", ""action_sequence"": 2, ""action_type"": ""MarketingCampaign"", ""actor_id"": ""B005"", ""actor_type"": ""bank"", ""bank_id"": ""B005"", ""timestep"": 9, ""visibility"": ""private""}'}"
